t,T1,T2,T3,T4,
459,200.25,18.50,19.25,19.00,
460,200.50,18.50,18.75,19.00,
461,200.75,18.75,19.00,19.25,
462,201.00,18.25,18.75,19.00,
463,200.75,18.50,18.75,19.25,
464,201.00,18.50,18.75,19.25,
465,201.25,18.50,18.75,19.00,
466,201.25,18.50,19.00,18.50,
467,201.00,18.75,18.75,18.75,
468,201.25,18.50,18.25,19.00,
469,201.75,18.25,18.50,19.00,
470,202.25,18.50,18.50,19.50,
471,202.25,18.50,19.00,19.00,
472,202.50,18.00,19.00,19.25,
473,202.00,18.50,18.25,18.75,
474,202.50,18.50,18.50,19.50,
475,202.50,18.75,19.25,19.25,
476,202.75,18.75,18.50,19.50,
477,203.00,18.50,19.25,19.25,
478,202.75,19.25,19.00,19.25,
479,203.25,18.75,18.75,19.00,
480,203.25,19.00,18.75,19.00,
481,202.75,19.00,18.75,19.75,
482,202.25,19.00,18.75,19.25,
483,201.50,19.00,18.75,19.50,
484,200.75,19.25,18.50,19.00,
485,200.00,19.50,18.25,19.00,
486,198.25,19.25,19.00,19.50,
487,198.25,19.75,18.25,19.00,
488,197.00,20.25,18.25,18.75,
489,196.00,24.00,19.00,19.00,
490,195.25,25.00,18.75,18.75,
491,194.25,21.00,18.75,19.25,
492,193.25,21.25,18.00,19.25,
493,192.50,21.25,18.50,18.75,
494,191.50,22.00,18.50,19.00,
495,190.50,22.50,18.50,19.00,
496,189.75,23.00,18.75,19.25,
497,188.25,23.50,18.25,19.00,
498,187.00,24.25,18.50,19.00,
499,186.50,24.25,18.75,18.75,
501,186.00,24.75,18.25,19.25,
502,185.25,25.25,18.25,19.25,
503,184.25,25.75,18.25,19.00,
504,183.50,26.50,18.00,19.25,
505,183.25,26.75,18.25,19.25,
506,182.50,27.50,18.00,19.25,
507,182.25,27.75,18.25,18.50,
508,182.00,28.00,18.00,19.25,
509,182.00,29.00,17.75,19.25,
510,181.75,29.25,18.25,19.00,
511,181.25,29.75,18.25,19.00,
512,180.75,30.50,18.50,18.75,
513,181.00,30.75,18.50,19.00,
514,180.50,31.50,18.00,18.75,
515,180.25,32.75,18.00,19.25,
516,180.75,33.00,18.50,18.75,
517,180.25,34.00,18.25,19.00,
518,179.75,34.50,17.75,19.00,
519,180.00,35.00,18.50,18.75,
520,180.00,35.75,18.25,19.50,
521,180.00,36.25,18.00,19.25,
522,180.00,36.25,18.00,18.75,
523,179.50,37.50,18.25,19.00,
524,180.00,38.25,18.00,18.75,
525,179.75,38.50,18.00,19.00,
526,179.75,39.25,18.00,18.75,
527,179.25,39.50,18.00,19.25,
528,179.75,40.50,18.25,18.75,
529,179.50,40.25,18.50,19.25,
530,179.50,41.25,18.50,18.50,
531,179.50,41.75,18.75,18.75,
532,178.75,42.25,18.25,18.75,
533,179.50,42.50,18.75,19.25,
534,178.75,43.25,18.50,18.75,
535,179.25,43.50,18.50,19.50,
536,179.25,43.25,18.25,19.00,
537,178.50,44.00,18.50,19.00,
538,178.50,44.50,18.50,19.25,
539,179.00,45.00,18.75,18.75,
540,179.00,45.00,18.50,19.00,
541,178.50,45.50,18.50,19.00,
542,178.75,45.75,18.00,19.25,
543,178.50,46.50,18.50,19.25,
544,178.50,47.00,18.75,19.00,
545,178.00,47.50,18.50,19.25,
546,178.75,47.50,18.50,19.50,
547,178.50,48.25,18.25,18.75,
548,178.50,48.50,18.50,18.75,
549,178.75,48.50,18.25,19.25,
550,178.75,49.25,18.75,19.25,
551,178.50,49.50,18.75,19.25,
552,178.00,50.25,19.00,19.25,
553,178.75,50.50,18.50,19.25,
554,177.50,51.00,19.00,19.25,
555,178.75,51.00,18.25,19.25,
556,178.50,51.25,18.25,19.25,
557,177.75,51.50,18.75,19.00,
558,178.25,52.00,18.50,19.00,
559,178.25,52.00,18.75,19.25,
560,178.50,52.25,18.75,19.50,
561,178.00,52.50,19.00,19.00,
562,178.00,53.00,18.75,19.25,
563,178.50,53.25,19.00,19.25,
564,178.50,53.50,19.00,19.25,
565,178.25,53.50,19.00,19.25,
566,178.25,54.00,19.00,19.25,
567,178.00,53.75,18.50,18.75,
568,178.50,54.00,19.00,19.25,
569,178.25,54.25,19.00,19.00,
570,177.75,54.75,19.25,19.25,
571,178.50,54.50,18.75,19.25,
572,178.50,55.00,19.00,19.25,
573,178.25,55.00,18.75,19.50,
574,178.25,55.50,18.75,19.25,
575,178.50,55.75,18.50,19.50,
576,178.00,55.75,19.00,19.50,
577,178.50,56.00,18.50,19.50,
578,178.50,56.50,19.00,19.50,
579,178.50,56.50,18.75,19.50,
580,178.00,56.75,19.00,19.50,
581,178.50,57.00,19.50,19.25,
582,178.50,57.00,19.50,19.50,
583,178.50,57.50,19.50,19.50,
584,178.25,58.00,19.25,19.50,
585,178.75,58.00,19.25,19.50,
586,178.75,58.00,19.50,19.00,
587,178.25,58.50,19.25,19.75,
588,178.75,58.50,19.50,19.25,
589,178.75,58.25,19.75,19.75,
590,178.00,59.25,19.50,19.50,
591,178.75,59.25,19.75,19.50,
592,178.75,59.25,19.25,19.75,
593,178.75,59.75,19.50,19.75,
594,178.50,60.00,19.00,20.00,
595,179.00,59.75,19.75,19.50,
596,178.75,60.00,19.75,19.75,
597,179.00,60.50,19.75,19.75,
598,179.00,60.25,20.00,20.00,
599,179.00,60.50,19.50,19.75,
600,179.00,60.75,20.00,19.75,
601,179.00,61.00,19.75,20.00,
602,179.25,61.50,20.25,19.25,
603,179.25,61.25,20.00,19.75,
604,179.25,61.75,19.75,19.75,
605,179.25,61.75,20.00,20.00,
606,179.00,62.00,20.25,20.00,
607,179.50,62.25,20.00,20.00,
608,179.50,62.50,20.00,19.50,
609,179.25,62.75,19.75,19.75,
610,179.50,63.00,19.75,19.75,
611,179.25,63.25,19.75,20.00,
612,179.75,63.00,20.50,19.75,
613,179.50,63.75,20.50,20.00,
614,179.25,64.00,20.50,20.25,
615,179.25,64.00,20.00,20.25,
616,179.75,64.00,20.75,20.25,
617,179.75,64.25,20.75,20.50,
618,179.75,65.00,20.50,20.25,
619,180.25,64.50,20.25,20.00,
620,180.25,64.75,20.25,20.25,
621,180.25,65.00,21.00,20.25,
622,180.25,65.25,20.75,20.00,
623,180.25,65.00,20.50,20.00,
624,180.00,65.50,21.00,20.75,
625,180.00,65.25,20.25,20.25,
626,180.50,65.75,20.75,20.50,
627,180.50,65.75,21.00,20.50,
628,180.50,66.00,21.25,20.75,
629,180.50,65.75,21.00,20.25,
630,180.75,66.50,21.00,20.00,
631,180.50,66.75,20.75,20.50,
632,180.50,67.00,21.25,20.75,
633,180.25,66.75,20.75,20.75,
634,181.00,66.75,21.00,20.50,
635,181.00,67.00,21.00,20.00,
636,181.00,67.00,21.25,21.00,
637,181.00,67.50,21.50,20.75,
638,181.25,67.25,21.25,20.25,
639,181.00,67.25,21.50,21.00,
640,181.00,68.00,21.50,20.75,
641,181.50,67.75,21.00,20.75,
642,181.50,67.75,21.75,20.75,
643,181.25,68.50,21.75,21.00,
644,181.50,68.50,21.75,20.75,
645,181.75,68.75,21.75,21.25,
646,181.50,68.50,22.00,21.00,
647,181.75,68.50,22.00,21.25,
648,181.50,69.00,22.00,21.00,
649,181.50,69.00,21.50,20.75,
650,181.75,69.75,21.75,21.00,
651,181.50,70.25,22.00,21.00,
652,181.50,69.50,22.25,21.25,
653,182.25,70.25,22.00,21.25,
654,181.75,70.25,22.00,21.00,
655,182.25,70.25,22.25,21.25,
656,182.00,70.25,22.25,21.50,
657,182.00,70.50,22.00,21.50,
658,182.50,70.50,22.50,21.25,
659,182.75,71.00,22.50,21.75,
660,182.50,70.50,22.75,21.50,
661,182.50,71.00,22.50,21.75,
662,182.50,71.00,22.75,21.50,
663,182.50,71.50,22.75,21.75,
664,182.50,71.50,22.50,21.75,
665,183.00,71.25,23.00,21.75,
666,182.50,71.50,22.75,21.50,
667,183.00,71.25,22.75,22.25,
668,183.00,72.00,22.75,22.00,
669,183.00,72.25,22.75,22.00,
670,183.00,72.25,23.00,22.25,
671,183.00,72.25,23.00,22.00,
672,182.25,72.50,23.25,21.75,
673,183.00,72.75,23.00,21.50,
674,183.25,73.25,23.25,22.00,
675,183.25,73.00,23.00,22.25,
676,183.25,72.75,23.25,22.50,
677,183.00,73.50,23.00,22.25,
678,183.25,73.75,23.00,21.75,
679,183.25,73.75,23.50,22.75,
680,183.25,73.75,23.75,22.50,
681,183.75,74.00,23.75,22.75,
682,183.50,73.75,23.75,22.50,
683,183.50,74.00,23.75,22.75,
684,183.50,74.25,23.75,23.00,
685,183.50,74.25,23.50,22.75,
686,183.25,73.50,24.00,23.00,
687,184.00,74.00,24.00,23.00,
688,184.25,74.50,23.75,23.00,
689,183.75,74.25,24.00,22.75,
690,184.00,74.75,24.00,23.00,
691,184.00,74.75,24.25,23.00,
692,184.00,75.00,24.50,23.00,
693,183.75,75.25,24.50,23.25,
694,184.00,75.25,24.25,23.00,
695,184.00,75.50,24.50,23.25,
696,184.00,75.50,24.00,23.00,
697,184.00,75.75,24.50,23.50,
698,183.75,75.75,24.75,23.50,
699,184.25,75.25,24.75,23.25,
700,184.25,76.00,24.25,23.25,
701,184.25,76.00,24.25,23.50,
702,184.25,76.00,25.00,23.50,
703,184.50,76.00,24.50,23.75,
704,184.00,76.50,25.00,23.25,
705,184.50,76.25,25.25,24.00,
706,184.50,76.50,24.50,24.00,
707,184.50,77.00,24.50,23.50,
708,184.00,77.00,25.25,24.25,
709,184.50,76.75,25.00,23.50,
710,184.50,76.75,24.50,24.00,
711,184.00,77.25,25.25,23.75,
712,184.00,77.25,25.50,23.50,
713,184.50,77.50,25.50,24.25,
714,184.50,77.50,25.50,24.00,
715,184.75,77.75,25.50,24.25,
716,184.25,77.75,25.75,23.75,
717,184.50,77.75,26.00,24.25,
718,184.50,77.75,26.00,24.00,
719,184.75,77.75,26.25,24.50,
720,184.25,77.50,26.00,24.50,
721,184.75,77.75,26.00,24.50,
722,184.75,77.75,26.25,24.75,
723,184.75,78.50,25.75,24.50,
724,184.75,78.50,26.50,25.00,
725,184.25,78.00,26.50,25.00,
726,184.75,78.25,26.00,24.75,
727,184.75,78.50,26.50,24.50,
728,184.75,78.50,26.50,24.75,
729,184.50,78.00,26.50,24.75,
730,184.75,78.75,26.00,25.00,
731,184.75,79.00,26.75,24.75,
732,184.50,79.00,27.00,25.50,
733,184.75,79.00,27.00,24.75,
734,184.75,78.50,27.00,25.50,
735,184.75,78.50,26.50,25.25,
736,184.50,79.25,27.00,25.50,
737,184.50,79.25,27.25,25.50,
738,185.00,79.25,27.25,25.75,
739,184.75,79.25,26.75,25.50,
740,184.75,79.50,27.00,26.00,
741,184.75,79.25,27.25,26.25,
742,184.75,79.00,26.75,25.75,
743,184.75,79.50,27.25,25.75,
744,184.50,79.25,27.50,25.25,
745,184.50,80.00,27.75,25.75,
746,185.00,79.50,27.25,26.25,
747,185.00,79.75,27.75,26.00,
748,184.75,79.75,27.75,26.25,
749,184.50,80.25,27.50,25.75,
750,184.75,80.50,27.50,26.00,
751,184.50,81.00,27.75,25.50,
752,184.50,81.00,27.50,26.75,
753,184.75,80.75,28.00,26.25,
754,185.25,80.75,28.25,26.75,
755,184.75,81.25,27.25,26.50,
756,184.75,81.25,27.75,26.00,
757,184.75,81.25,28.00,26.25,
758,184.75,81.00,28.50,26.75,
759,184.75,81.00,28.00,27.00,
760,184.75,81.50,28.75,27.00,
761,184.50,81.25,28.75,27.00,
762,184.25,81.75,28.25,27.25,
763,185.00,81.75,28.50,27.25,
764,184.75,81.50,28.75,27.00,
765,184.75,82.25,28.75,27.25,
766,185.00,82.25,28.75,26.75,
767,184.25,82.00,28.25,27.25,
768,184.25,82.00,28.00,27.50,
769,185.00,82.25,28.75,27.25,
770,185.00,82.25,28.75,27.25,
771,184.50,82.25,29.25,27.50,
772,185.00,82.25,29.00,27.75,
773,184.50,82.75,29.50,27.50,
774,184.50,82.50,29.25,27.25,
775,184.50,82.50,29.00,27.75,
776,184.75,82.50,29.50,27.75,
777,184.75,82.50,29.25,27.75,
778,184.75,83.00,29.75,27.75,
779,184.75,83.00,29.75,28.00,
780,184.75,83.00,29.50,27.75,
781,184.50,83.25,29.75,27.50,
782,184.50,83.50,30.00,28.25,
783,184.75,82.75,30.00,28.00,
784,184.75,83.00,29.50,28.50,
785,184.50,83.00,30.00,28.50,
786,184.25,83.25,30.00,28.50,
787,184.50,83.50,30.25,28.50,
788,184.75,83.25,30.25,27.75,
789,184.50,83.00,30.00,28.50,
790,184.50,83.25,30.25,29.00,
791,184.75,83.75,30.25,28.25,
792,184.25,83.75,30.75,28.25,
793,184.00,83.50,30.25,28.50,
794,184.50,83.50,30.75,29.25,
795,184.75,83.50,30.25,28.75,
796,184.75,83.75,30.75,29.00,
797,184.50,83.50,31.00,29.00,
798,184.25,83.50,31.00,29.25,
799,184.75,83.75,31.00,29.25,
800,184.25,83.50,31.00,29.00,
801,184.25,84.00,30.50,29.25,
802,184.50,84.00,31.00,29.75,
803,184.00,84.00,31.25,29.25,
804,184.50,83.75,31.50,29.75,
805,184.25,84.00,31.25,29.75,
806,184.00,84.00,31.50,29.75,
807,184.25,83.75,31.50,30.00,
808,184.00,84.25,31.50,30.00,
809,183.75,84.00,31.00,29.75,
810,184.00,84.50,31.50,29.75,
811,184.25,84.25,31.50,30.00,
812,184.50,84.25,31.75,30.00,
813,184.00,84.00,31.50,29.75,
814,183.75,84.50,31.50,30.00,
815,184.00,84.50,32.00,30.25,
816,183.75,84.25,32.00,30.25,
817,184.50,84.00,32.00,30.50,
818,183.75,84.75,32.25,30.50,
819,184.00,84.50,32.00,30.50,
820,184.00,84.75,32.00,30.75,
821,184.00,84.75,32.50,30.50,
822,183.75,84.25,32.75,30.50,
823,184.00,84.25,32.50,31.00,
824,184.00,84.75,32.50,30.50,
825,184.00,84.75,32.50,31.00,
826,183.75,84.75,32.50,31.00,
827,184.00,84.00,33.00,31.25,
828,183.25,85.00,32.75,31.25,
829,183.25,85.00,32.75,31.00,
830,183.50,84.50,32.50,31.00,
831,183.75,84.75,33.00,31.50,
832,183.50,84.50,33.00,31.25,
833,183.25,85.00,33.25,31.50,
834,183.25,84.75,32.75,31.75,
835,183.50,84.50,33.25,31.25,
836,183.00,84.50,34.00,31.50,
837,183.25,84.25,33.25,32.00,
838,183.50,85.00,33.50,31.75,
839,183.50,85.25,33.50,31.75,
840,183.50,84.75,33.50,32.00,
841,183.25,85.25,33.75,31.75,
842,183.75,85.00,33.75,31.50,
843,183.25,85.25,33.50,32.00,
844,183.50,84.75,33.50,32.25,
845,183.50,84.75,33.75,31.75,
846,183.25,85.50,34.00,32.00,
847,182.75,84.75,33.75,32.75,
848,183.00,85.25,34.00,32.75,
849,183.25,85.25,34.00,32.75,
850,183.25,85.25,33.50,32.75,
851,183.25,85.50,34.50,32.00,
852,182.75,85.50,34.50,32.75,
853,182.75,85.25,34.25,32.50,
854,183.00,85.75,34.50,32.50,
855,182.50,85.50,34.50,32.75,
856,183.00,85.50,34.75,33.00,
857,183.00,85.50,34.75,33.00,
858,183.25,85.25,34.00,33.25,
859,182.75,85.75,34.50,32.75,
860,183.00,85.50,34.50,33.25,
861,182.75,85.50,34.50,33.50,
862,182.50,85.75,35.00,33.50,
863,182.00,85.75,35.25,33.25,
864,183.00,85.75,35.00,33.50,
865,182.75,86.00,35.25,32.75,
866,182.75,86.00,35.25,34.00,
867,182.75,85.75,34.75,33.25,
868,182.50,85.50,35.25,33.75,
869,182.50,85.25,35.00,33.75,
870,182.75,86.00,35.25,34.00,
871,182.50,86.00,35.75,34.00,
872,182.50,86.25,35.75,34.25,
873,182.50,86.00,35.50,34.25,
874,182.25,86.00,35.00,34.00,
875,182.50,86.00,35.75,33.75,
876,181.75,86.00,35.25,34.25,
877,181.75,86.00,35.75,34.50,
878,181.75,86.25,35.75,34.75,
879,182.00,86.25,36.00,34.75,
880,182.00,86.00,35.50,34.75,
881,181.75,86.25,36.25,34.75,
882,182.00,86.00,36.00,34.75,
883,182.00,86.00,36.25,34.75,
884,182.25,86.00,36.25,34.75,
885,182.00,86.25,35.75,34.75,
886,181.50,86.00,36.25,35.25,
887,181.50,86.25,36.50,34.75,
888,181.75,86.25,36.75,34.75,
889,181.75,86.50,36.50,35.25,
890,181.75,86.00,36.00,35.50,
891,181.75,86.50,36.75,35.50,
892,181.75,86.75,36.75,35.75,
893,181.75,86.50,37.00,35.00,
894,181.50,86.75,36.50,35.75,
895,181.75,86.75,37.00,35.50,
896,181.75,87.00,36.50,35.25,
897,181.25,87.25,37.00,35.50,
898,181.75,87.00,37.00,35.75,
899,181.75,87.50,37.25,35.50,
900,181.75,87.25,37.00,36.00,
901,181.50,87.00,37.25,36.00,
902,181.75,87.25,37.25,36.00,
903,181.25,87.00,37.50,36.25,
904,181.25,87.25,37.75,36.25,
905,181.50,87.75,37.75,36.25,
906,181.25,88.00,37.25,36.25,
907,181.00,88.25,37.75,36.00,
908,181.25,88.25,37.75,36.00,
909,181.25,88.50,37.75,36.75,
910,181.25,89.00,37.25,36.50,
911,181.25,88.75,37.75,36.75,
912,180.75,89.00,38.00,36.25,
913,181.25,88.75,38.25,36.75,
914,181.00,88.75,37.00,37.00,
915,181.00,89.25,37.75,36.50,
916,180.75,89.50,38.25,36.50,
917,181.00,89.25,38.00,36.75,
918,181.50,89.75,38.50,37.00,
919,180.75,89.00,38.25,37.25,
920,181.25,90.00,38.50,37.00,
921,180.50,90.25,38.75,37.25,
922,181.00,89.75,38.50,37.00,
923,181.00,90.25,38.50,37.00,
924,181.50,90.50,38.75,37.50,
925,181.50,90.50,38.50,37.75,
926,181.25,90.75,38.50,37.75,
927,181.00,90.75,38.75,37.25,
928,181.00,90.50,38.75,37.25,
929,180.75,91.00,39.25,37.50,
930,181.25,90.75,38.50,38.00,
931,181.50,91.00,38.75,38.00,
932,181.25,91.50,38.75,38.25,
933,181.00,91.50,39.25,37.50,
934,180.75,91.50,39.00,38.00,
935,181.25,92.00,39.25,38.25,
936,181.00,91.75,39.25,38.25,
937,181.50,92.25,39.75,38.50,
938,181.25,92.25,39.50,38.00,
939,181.25,92.50,39.50,38.50,
940,181.00,92.50,39.75,38.00,
941,181.00,92.50,39.50,38.75,
942,180.75,92.50,39.25,38.50,
943,181.50,92.75,39.50,38.75,
944,181.00,92.75,39.75,38.75,
945,181.25,92.75,40.00,39.00,
946,180.50,93.00,39.75,39.00,
947,180.50,93.25,40.25,39.25,
948,181.25,93.25,40.00,38.25,
949,181.25,93.50,39.50,39.25,
950,181.25,93.00,40.00,39.25,
951,181.50,92.75,40.25,39.50,
952,181.50,93.50,39.75,39.50,
953,181.00,93.50,40.25,39.50,
954,181.25,93.25,40.50,39.50,
955,181.00,93.75,40.25,39.75,
956,181.00,94.00,40.50,39.75,
957,181.00,93.50,40.25,39.75,
958,181.50,93.50,40.75,39.25,
959,181.75,94.00,40.50,39.25,
960,181.25,94.00,40.75,40.00,
961,181.25,94.25,40.75,39.50,
962,181.75,94.25,41.00,40.00,
963,181.50,93.75,41.00,40.00,
964,181.75,94.25,41.00,39.50,
965,181.50,94.00,40.75,40.00,
966,181.75,93.75,41.25,40.00,
967,181.75,94.25,41.00,40.00,
968,181.75,94.25,40.75,40.25,
969,181.50,94.25,41.50,40.50,
970,181.75,94.00,41.00,40.50,
971,181.50,94.25,41.50,40.25,
972,182.00,94.50,41.50,40.50,
973,182.00,94.25,41.50,40.75,
974,182.00,94.75,41.75,40.75,
975,181.75,94.75,42.00,40.50,
976,182.25,95.00,42.00,41.00,
977,181.75,95.00,41.50,41.00,
978,181.75,95.00,41.75,41.00,
979,181.75,95.25,41.75,41.25,
980,181.50,94.50,42.00,40.75,
981,181.75,95.25,42.00,41.25,
982,182.00,95.25,42.00,41.00,
983,181.75,95.50,42.00,41.00,
984,182.00,95.50,42.25,41.00,
985,181.75,95.50,42.00,41.50,
986,182.00,95.25,42.50,41.50,
987,182.25,95.25,42.50,41.50,
988,182.50,95.50,42.25,41.50,
989,182.50,95.75,42.00,41.50,
990,182.00,95.50,42.50,41.50,
991,182.25,95.75,42.00,42.00,
992,181.75,95.75,43.00,42.00,
993,182.00,95.75,42.75,41.50,
994,182.25,95.25,42.50,42.00,
995,182.25,95.75,42.75,42.00,
996,182.00,95.75,42.75,42.25,
997,182.25,95.50,43.00,42.00,
998,182.25,95.75,43.00,42.25,
999,182.25,96.00,43.25,42.25,
1000,182.25,95.75,43.50,42.00,
1002,181.75,95.25,43.00,42.00,
1003,182.00,95.25,43.00,42.00,
1004,181.75,95.75,43.25,42.50,
1005,182.50,95.75,43.50,42.75,
1006,182.50,96.00,43.50,42.75,
1007,182.50,96.00,42.75,42.75,
1008,182.00,95.00,43.75,42.75,
1009,182.00,95.50,43.50,42.50,
1010,182.50,96.00,43.75,42.50,
1011,182.75,96.00,43.75,43.00,
1012,182.50,95.75,44.00,43.25,
1013,182.50,95.75,44.00,43.00,
1014,181.75,95.50,43.75,43.25,
1015,182.50,96.00,44.00,43.25,
1016,182.25,96.00,44.25,43.25,
1017,182.50,95.75,44.25,43.50,
1018,182.75,96.00,44.00,43.25,
1019,182.50,96.00,44.25,43.50,
1020,182.75,96.25,44.50,43.50,
1021,182.50,96.25,44.50,43.75,
1022,182.50,96.50,44.25,43.75,
1023,182.50,96.25,44.25,43.75,
1024,182.50,96.00,44.50,44.00,
1025,182.75,96.25,44.25,43.25,
1026,182.50,96.25,45.00,44.00,
1027,182.50,96.75,44.75,44.00,
1028,182.00,96.75,44.75,44.25,
1029,182.75,96.50,45.00,44.25,
1030,182.75,96.25,45.00,43.75,
1031,182.25,96.50,44.75,44.00,
1032,183.00,96.75,44.75,44.00,
1033,182.25,96.75,44.75,44.00,
1034,182.25,96.25,45.25,44.50,
1035,182.50,97.00,45.25,44.50,
1036,182.75,96.75,45.25,44.25,
1037,182.25,96.75,45.00,44.75,
1038,182.00,96.75,45.25,44.25,
1039,182.50,96.50,45.25,44.25,
1040,182.50,97.00,45.25,45.00,
1041,182.50,96.50,45.25,45.25,
1042,182.75,96.75,45.75,45.00,
1043,182.75,96.75,45.25,45.00,
1044,182.75,97.00,45.25,44.75,
1045,182.75,96.75,45.50,45.25,
1046,182.50,97.00,45.75,44.75,
1047,182.25,96.75,45.50,45.00,
1048,182.25,96.75,46.00,45.25,
1049,182.50,96.25,46.00,45.50,
1050,182.50,96.50,46.00,45.75,
1051,182.50,97.25,46.00,45.00,
1052,182.25,97.00,46.00,45.50,
1053,182.50,97.00,46.00,46.00,
1054,182.50,96.75,46.25,45.75,
1055,182.50,97.00,45.75,45.75,
1056,182.50,97.00,46.00,45.50,
1057,182.50,97.00,46.25,46.00,
1058,182.50,97.00,46.25,46.00,
1059,182.25,96.75,46.50,45.75,
1060,182.00,97.25,46.75,45.75,
1061,182.25,97.00,46.50,45.75,
1062,182.00,97.00,46.75,46.25,
1063,182.25,97.00,46.75,46.25,
1064,182.25,96.75,47.00,45.75,
1065,182.25,97.00,47.00,46.50,
1066,182.50,97.00,47.00,46.50,
1067,181.75,96.75,46.75,46.75,
1068,182.25,97.00,47.50,46.50,
1069,182.00,97.25,47.00,46.75,
1070,182.00,97.00,47.00,46.50,
1071,182.00,97.00,46.50,46.75,
1072,182.25,97.00,47.25,46.75,
1073,182.25,97.25,46.50,46.75,
1074,182.25,97.25,47.00,47.00,
1075,182.25,97.50,46.75,46.75,
1076,182.25,97.00,47.50,47.00,
1077,182.25,97.00,46.75,46.75,
1078,182.25,97.25,46.75,47.25,
1079,182.00,97.00,47.25,47.00,
1080,182.25,97.25,47.50,46.75,
1081,182.25,97.25,47.75,47.25,
1082,182.25,96.75,48.00,47.50,
1083,182.00,96.50,47.50,47.50,
1084,181.75,97.25,48.00,47.75,
1085,181.75,96.75,47.75,47.50,
1086,182.00,96.50,47.75,47.25,
1087,182.00,97.00,47.75,47.50,
1088,181.75,96.75,47.75,47.75,
1089,181.25,96.50,48.25,47.50,
1090,182.00,97.00,48.25,47.75,
1091,182.00,97.00,48.00,48.25,
1092,182.00,97.00,47.50,47.75,
1093,182.00,97.50,48.25,48.00,
1094,181.50,97.50,48.25,48.25,
1095,182.00,97.00,48.25,48.25,
1096,181.75,97.25,48.50,48.25,
1097,181.75,97.25,48.25,48.25,
1098,181.50,97.25,48.50,48.25,
1099,181.75,97.00,48.75,48.50,
1100,181.75,97.25,48.75,47.75,
1101,181.50,97.00,48.25,48.50,
1102,181.50,97.50,49.00,48.50,
1103,181.50,97.00,48.50,48.75,
1104,181.75,97.50,48.50,48.75,
1105,181.75,97.50,49.00,48.50,
1106,181.50,97.50,48.75,48.50,
1107,181.50,97.75,49.25,48.75,
1108,181.50,98.00,49.00,49.00,
1109,181.50,97.75,49.00,49.00,
1110,181.25,98.00,49.50,49.00,
1111,181.25,98.00,48.75,48.75,
1112,180.75,98.25,49.00,49.25,
1113,181.50,98.00,49.50,49.25,
1114,181.50,98.25,49.25,49.25,
1115,181.25,98.25,49.50,49.00,
1116,181.00,98.75,49.50,49.25,
1117,181.25,98.75,49.50,49.50,
1118,181.25,98.75,49.25,49.50,
1119,181.50,98.75,49.50,49.50,
1120,181.25,98.75,49.75,49.25,
1121,181.25,98.75,50.00,49.75,
1122,181.25,99.25,49.75,49.25,
1123,181.00,99.25,49.75,49.75,
1124,181.25,99.25,50.00,50.25,
1125,181.50,99.50,49.75,49.50,
1126,181.50,99.50,49.50,50.00,
1127,181.00,99.25,50.25,49.75,
1128,181.50,99.25,50.25,49.50,
1129,180.75,99.50,49.50,49.50,
1130,181.00,99.25,50.25,50.25,
1131,181.50,99.50,50.50,50.50,
1132,181.25,100.00,50.25,50.25,
1133,181.50,99.75,50.25,50.25,
1134,181.50,100.25,50.25,50.50,
1135,181.25,100.25,50.75,50.50,
1136,181.00,100.50,50.00,50.75,
1137,181.50,100.00,50.50,50.25,
1138,181.25,99.75,50.25,50.25,
1139,181.50,100.75,50.50,50.25,
1140,180.75,100.25,50.00,50.25,
1141,181.00,100.25,50.25,51.00,
1142,181.25,100.75,50.25,50.50,
1143,181.25,101.25,50.50,51.00,
1144,181.50,101.50,50.50,51.25,
1145,181.75,101.50,50.50,51.00,
1146,181.50,101.25,50.50,50.75,
1147,181.50,102.00,51.25,51.25,
1148,181.75,101.75,50.50,51.25,
1149,181.50,101.75,51.25,51.50,
1150,181.75,101.75,50.75,51.00,
1151,181.50,101.75,50.75,51.25,
1152,181.25,101.75,51.50,51.25,
1153,181.75,102.25,50.75,51.50,
1154,181.50,102.00,51.25,51.75,
1155,181.75,102.25,51.50,51.25,
1156,181.50,102.25,51.50,51.25,
1157,182.00,102.00,51.75,51.75,
1158,182.00,102.75,51.25,51.75,
1159,182.00,102.50,51.50,51.75,
1160,182.25,102.25,51.25,52.00,
1161,182.25,102.75,51.75,51.50,
1162,182.00,102.50,51.75,52.00,
1163,182.00,103.00,52.00,52.00,
1164,182.00,103.25,51.75,52.25,
1165,181.50,102.50,51.75,51.75,
1166,181.75,103.25,52.00,52.25,
1167,182.00,103.25,52.25,52.50,
1168,182.25,103.50,52.00,52.25,
1169,182.00,103.50,52.00,52.25,
1170,182.25,103.25,51.75,52.25,
1171,182.25,103.50,52.00,52.00,
1172,182.25,103.75,52.25,52.75,
1173,182.00,103.75,52.00,52.75,
1174,182.00,103.75,52.00,52.50,
1175,182.50,103.75,51.75,52.50,
1176,182.00,103.50,52.50,53.00,
1177,182.00,104.00,52.00,53.00,
1178,182.25,104.25,52.50,53.00,
1179,182.25,104.25,52.75,52.75,
1180,182.75,104.25,52.25,52.50,
1181,181.75,104.00,52.75,53.00,
1182,182.50,104.75,52.25,53.25,
1183,182.75,105.25,52.50,52.75,
1184,182.75,105.00,52.75,52.75,
1185,182.50,105.50,52.75,53.50,
1186,182.75,104.50,52.25,52.75,
1187,182.75,105.00,53.25,53.25,
1188,183.00,104.75,53.00,53.50,
1189,183.00,105.25,53.25,53.00,
1190,183.00,105.00,53.00,53.75,
1191,183.00,105.25,53.25,53.25,
1192,183.00,105.50,52.50,53.75,
1193,182.50,105.75,52.75,53.00,
1194,183.00,105.25,52.75,53.75,
1195,183.25,105.75,53.25,54.00,
1196,182.50,105.50,53.25,54.00,
1197,183.25,105.75,53.25,53.75,
1198,183.25,105.75,53.25,53.75,
1199,183.25,105.75,53.50,54.25,
1200,183.00,105.75,53.50,53.75,
1201,183.00,105.00,53.50,54.00,
1202,183.25,105.75,53.50,54.00,
1203,182.75,105.75,53.75,54.25,
1204,183.25,105.75,53.75,53.75,
1205,183.00,106.00,53.75,53.75,
1206,183.25,105.75,54.00,54.25,
1207,183.00,105.75,54.00,54.50,
1208,183.50,106.00,53.75,54.50,
1209,183.25,106.00,54.25,54.25,
1210,183.50,105.75,54.00,53.75,
1211,183.00,106.00,54.25,54.50,
1212,183.25,105.50,54.00,54.75,
1213,183.50,106.00,53.75,54.50,
1214,183.25,106.25,54.50,55.00,
1215,183.00,106.25,53.50,54.75,
1216,183.00,106.25,54.25,54.75,
1217,183.50,106.25,54.50,55.00,
1218,183.25,106.00,54.25,55.00,
1219,183.50,106.50,54.50,55.00,
1220,183.75,106.00,55.00,55.00,
1221,183.50,106.25,54.50,54.75,
1222,183.25,106.50,54.50,55.00,
1223,183.00,106.50,54.50,54.50,
1224,183.25,106.75,54.25,55.25,
1225,183.25,106.50,54.75,55.25,
1226,183.50,106.50,54.25,55.25,
1227,183.50,106.75,54.75,55.25,
1228,183.50,106.75,54.75,55.50,
1229,183.75,106.50,55.00,55.50,
1230,183.75,106.50,54.75,55.00,
1231,184.00,106.50,54.75,55.75,
1232,183.25,106.50,55.00,55.75,
1233,184.00,106.50,55.00,55.75,
1234,183.75,107.00,54.75,55.75,
1235,183.50,107.25,55.00,55.75,
1236,183.75,107.00,55.00,56.00,
1237,184.00,107.00,55.00,55.75,
1238,183.50,107.00,55.25,56.00,
1239,184.25,107.00,55.00,56.00,
1240,184.00,107.00,55.00,56.00,
1241,183.50,106.75,55.50,56.25,
1242,183.25,107.00,55.75,55.75,
1243,183.75,107.00,55.50,56.25,
1244,184.00,107.00,55.50,56.25,
1245,183.50,106.75,55.50,56.00,
1246,183.50,106.75,55.75,56.25,
1247,183.75,107.00,55.25,56.50,
1248,183.50,107.25,56.00,56.25,
1249,183.75,107.25,55.50,56.25,
1250,183.75,106.75,55.75,56.50,
1251,183.75,107.25,55.50,56.50,
1252,184.00,106.75,55.50,56.50,
1253,183.75,107.25,56.00,56.50,
1254,183.75,107.25,55.75,56.50,
1255,184.00,107.50,56.00,56.75,
1256,183.50,107.25,56.00,57.00,
1257,184.00,107.25,55.75,56.50,
1258,183.50,107.50,55.75,57.00,
1259,183.75,107.50,56.50,56.75,
1260,183.75,107.50,56.25,56.75,
1261,183.75,107.25,56.50,57.00,
1262,183.75,107.50,55.75,57.25,
1263,183.75,107.75,56.75,57.00,
1264,184.00,107.75,56.75,56.75,
1265,183.50,107.75,56.50,57.25,
1266,183.75,107.50,56.50,57.00,
1267,184.00,107.75,56.50,57.25,
1268,183.75,107.75,56.50,57.25,
1269,183.75,107.75,56.75,57.25,
1270,183.75,107.75,56.50,57.50,
1271,184.00,107.75,56.75,57.50,
1272,183.50,107.50,56.50,57.50,
1273,182.75,107.50,56.75,57.50,
1274,183.50,108.00,56.50,57.75,
1275,183.25,108.00,56.50,57.25,
1276,183.75,108.00,57.00,57.75,
1277,183.75,107.75,56.75,57.75,
1278,184.00,108.00,57.00,57.75,
1279,183.75,107.75,57.50,57.25,
1280,183.50,108.25,57.00,58.00,
1281,184.00,107.50,57.00,58.00,
1282,183.50,107.50,57.25,58.00,
1283,183.25,107.75,57.25,58.25,
1284,183.50,108.00,57.00,58.00,
1285,183.50,108.25,57.75,57.75,
1286,183.50,108.00,56.75,58.25,
1287,183.25,108.00,57.25,58.00,
1288,183.00,107.50,57.50,58.25,
1289,183.00,107.50,57.25,58.00,
1290,183.50,107.75,57.50,58.25,
1291,183.25,108.00,58.00,58.50,
1292,183.75,107.75,57.75,58.50,
1293,183.00,108.00,57.75,58.25,
1294,183.25,107.50,58.00,58.75,
1295,183.25,107.50,57.75,58.75,
1296,183.25,107.75,57.50,58.75,
1297,183.50,108.00,57.50,58.75,
1298,183.25,107.25,57.75,58.75,
1299,183.25,107.50,58.00,59.00,
1300,182.75,107.75,58.25,58.75,
1301,183.25,108.00,57.50,58.50,
1302,183.00,108.00,58.50,59.00,
1303,183.25,108.00,58.00,59.50,
1304,183.50,107.75,58.25,59.00,
1305,183.25,107.75,58.00,59.25,
1306,182.75,107.75,57.50,59.25,
1307,183.25,107.75,58.00,59.00,
1308,183.00,108.00,58.25,58.75,
1309,183.00,107.50,58.25,59.00,
1310,183.00,107.75,58.50,59.25,
1311,183.00,108.00,58.75,59.50,
1312,183.00,107.75,58.25,58.75,
1313,183.00,107.75,58.25,59.75,
1314,183.00,107.25,58.75,59.50,
1315,183.00,107.50,58.25,59.25,
1316,183.25,107.50,58.00,59.50,
1317,182.75,108.00,58.75,60.00,
1318,182.50,107.75,59.00,59.75,
1319,183.25,107.75,58.50,60.00,
1320,183.25,108.00,59.00,59.50,
1321,183.25,108.00,58.75,59.75,
1322,182.75,108.25,59.00,60.00,
1323,182.50,107.75,59.25,60.00,
1324,182.75,108.50,59.00,60.00,
1325,182.50,108.25,59.00,59.75,
1326,182.75,108.00,59.25,59.75,
1327,182.75,108.25,59.00,60.00,
1328,182.75,108.50,59.50,59.50,
1329,182.25,108.50,59.00,60.00,
1330,182.25,108.00,59.50,60.25,
1331,182.75,109.00,59.50,60.50,
1332,182.75,109.00,59.50,60.25,
1333,182.75,109.00,59.25,60.75,
1334,182.50,109.00,59.25,60.25,
1335,182.75,109.25,59.50,60.50,
1336,182.75,109.75,59.25,61.00,
1337,182.00,109.75,59.50,60.75,
1338,182.00,109.25,59.25,60.50,
1339,182.50,109.50,59.50,60.75,
1340,182.00,109.75,59.25,61.00,
1341,182.75,109.25,60.00,61.00,
1342,182.75,110.00,60.00,60.50,
1343,182.50,110.25,60.00,60.75,
1344,182.50,109.75,59.75,61.00,
1345,182.50,110.25,60.00,61.00,
1346,182.50,110.25,59.75,61.00,
1347,182.50,110.25,60.00,60.75,
1348,182.25,110.50,59.75,61.00,
1349,182.75,110.75,59.50,61.00,
1350,182.00,111.25,60.00,60.75,
1351,182.25,110.75,60.25,61.25,
1352,182.75,111.00,59.50,61.25,
1353,182.75,111.00,60.00,61.75,
1354,182.50,111.25,60.50,61.50,
1355,182.00,111.00,60.25,61.25,
1356,182.25,111.25,60.25,61.50,
1357,182.50,111.25,60.00,61.50,
1358,182.75,111.25,60.25,61.50,
1359,182.75,111.50,60.50,61.75,
1360,182.25,111.25,60.50,61.75,
1361,182.50,111.75,60.75,61.75,
1362,182.00,112.00,60.50,62.00,
1363,182.75,111.75,60.25,61.50,
1364,182.50,112.00,60.50,61.50,
1365,182.75,112.00,60.50,62.25,
1366,182.75,112.00,61.00,62.00,
1367,182.75,112.00,61.00,61.75,
1368,182.25,112.50,60.75,61.50,
1369,183.00,112.25,61.00,61.75,
1370,183.00,112.25,61.00,62.00,
1371,183.00,112.50,61.25,62.00,
1372,183.00,113.25,61.00,62.25,
1373,183.00,113.00,61.25,62.25,
1374,182.25,113.00,61.00,62.50,
1375,183.00,113.25,61.25,62.25,
1376,183.25,113.75,61.00,62.50,
1377,182.50,113.25,61.50,61.75,
1378,182.50,114.25,61.25,62.25,
1379,182.50,114.00,61.50,62.75,
1380,183.00,114.25,61.25,62.50,
1381,183.25,114.00,61.00,62.50,
1382,183.00,114.50,61.50,62.50,
1383,183.25,114.25,61.75,62.75,
1384,183.00,114.25,61.75,62.75,
1385,183.50,114.25,61.75,62.75,
1386,183.50,114.50,61.25,62.75,
1387,183.25,114.50,61.00,63.00,
1388,183.00,114.75,61.75,63.00,
1389,183.25,114.25,61.25,63.00,
1390,183.25,114.25,61.75,63.00,
1391,183.25,114.50,61.75,63.00,
1392,183.00,114.50,62.00,63.00,
1393,183.50,114.25,61.50,63.00,
1394,183.00,114.75,61.75,63.00,
1395,183.25,114.75,62.00,62.75,
1396,183.75,114.25,62.25,63.25,
1397,183.25,114.25,62.00,63.25,
1398,183.75,114.50,61.75,63.50,
1399,183.50,114.50,62.00,62.75,
1400,183.75,114.00,62.25,63.00,
1401,183.25,114.50,62.25,63.50,
1402,183.50,114.50,62.50,63.50,
1403,183.75,114.50,62.25,63.50,
1404,183.75,114.75,62.00,63.50,
1405,183.75,114.25,62.50,63.00,
1406,184.00,114.50,62.50,63.25,
1407,183.75,114.00,62.50,63.75,
1408,183.75,114.25,62.50,63.75,
1409,183.25,114.00,62.50,64.25,
1410,183.50,114.75,62.25,64.00,
1411,184.00,114.50,62.75,63.75,
1412,183.75,114.25,62.50,63.75,
1413,184.00,114.50,62.50,63.75,
1414,183.50,114.25,62.75,63.50,
1415,183.00,114.50,63.00,64.00,
1416,183.50,114.75,62.50,63.75,
1417,184.00,114.50,62.75,63.75,
1418,184.00,114.50,63.00,64.25,
1419,184.00,114.75,62.75,64.50,
1420,184.00,114.50,62.75,63.75,
1421,184.00,114.75,63.00,64.25,
1422,184.00,114.50,62.50,64.00,
1423,183.75,114.50,63.00,64.00,
1424,184.00,114.75,63.25,64.50,
1425,184.00,115.00,63.25,64.25,
1426,183.50,114.50,63.50,64.00,
1427,184.25,114.75,63.00,64.75,
1428,184.00,115.00,63.25,64.50,
1429,184.25,114.75,63.50,64.25,
1430,184.00,114.75,63.50,64.50,
1431,184.00,114.50,63.50,64.25,
1432,184.00,115.00,63.50,64.75,
1433,184.00,115.00,63.50,63.75,
1434,184.25,114.75,63.25,65.00,
1435,184.25,114.50,63.75,64.50,
1436,184.25,114.75,63.75,65.00,
1437,183.75,114.50,63.25,65.00,
1438,184.25,114.75,63.75,65.25,
1439,184.25,114.75,63.75,65.00,
1440,183.75,114.50,63.75,65.00,
1441,184.50,114.75,63.00,65.25,
1442,183.75,114.50,64.25,65.00,
1443,183.75,114.75,64.00,65.25,
1444,184.00,114.50,64.00,65.25,
1445,184.25,114.50,64.25,65.00,
1446,184.25,114.75,64.00,65.25,
1447,184.00,114.75,64.00,65.00,
1448,184.00,114.75,64.00,65.25,
1449,184.25,114.50,63.75,65.25,
1450,184.25,114.75,64.50,65.25,
1451,184.25,114.75,63.75,65.25,
1452,184.25,114.75,64.25,65.25,
1453,184.00,114.25,64.50,65.50,
1454,184.25,114.75,64.00,65.50,
1455,184.25,115.00,64.50,65.50,
1456,184.50,115.25,64.50,65.75,
1457,183.75,115.00,64.50,65.50,
1458,184.25,114.75,64.50,65.50,
1459,184.25,114.75,64.50,65.50,
1460,184.50,114.75,64.75,66.25,
1461,184.25,115.00,64.25,66.00,
1462,184.25,115.00,64.25,66.00,
1463,183.50,115.00,64.75,66.25,
1464,183.75,115.00,64.50,65.75,
1465,183.75,115.00,64.75,66.25,
1466,184.25,115.00,64.75,65.75,
1467,184.25,114.75,64.75,66.00,
1468,184.25,114.00,65.00,65.75,
1469,184.25,115.00,65.00,66.50,
1470,184.25,115.00,64.75,66.00,
1471,183.75,114.75,64.75,66.25,
1472,184.00,115.00,64.00,66.50,
1473,184.00,114.50,65.25,66.50,
1474,183.50,115.00,65.25,66.50,
1475,183.75,114.75,65.50,66.50,
1476,183.75,115.00,65.25,66.75,
1477,184.00,114.75,65.25,66.25,
1478,184.00,115.00,65.00,67.00,
1479,183.50,115.00,65.00,67.00,
1480,184.00,115.00,65.50,66.50,
1481,184.00,114.25,65.25,66.75,
1482,184.25,114.75,65.50,67.00,
1483,184.00,115.00,65.50,66.75,
1484,184.00,115.00,65.75,67.00,
1485,183.75,115.00,65.75,67.00,
1486,183.50,115.00,65.75,67.25,
1487,184.00,114.50,65.50,67.00,
1488,183.75,115.00,66.00,67.00,
1489,184.00,114.75,65.50,67.25,
1490,183.75,114.75,65.75,67.25,
1491,184.00,114.25,66.00,67.25,
1492,183.75,114.25,65.50,67.25,
1493,183.75,114.75,65.50,67.00,
1494,183.00,115.00,65.25,67.50,
1495,183.50,115.00,66.25,67.50,
1496,183.00,114.75,65.75,67.00,
1497,183.75,114.50,66.00,67.50,
1498,183.50,114.25,66.00,67.50,
1499,183.50,114.50,66.00,67.25,
1500,183.50,114.50,65.25,67.75,
1501,183.75,114.25,65.75,67.00,
1503,183.75,115.00,66.00,67.75,
1504,183.75,114.75,66.25,67.25,
1505,183.75,114.50,66.50,67.50,
1506,183.50,115.00,66.25,67.75,
1507,183.50,114.50,66.25,67.75,
1508,183.50,114.75,66.50,67.50,
1509,182.50,115.00,66.00,68.00,
1510,183.00,114.75,66.50,68.00,
1511,183.00,115.00,66.75,67.75,
1512,183.50,114.75,66.25,68.00,
1513,183.50,114.25,66.75,67.75,
1514,183.50,114.50,66.75,68.00,
1515,183.50,115.00,66.75,68.25,
1516,183.00,114.50,66.75,68.25,
1517,183.50,115.50,67.25,68.25,
1518,183.00,114.50,67.00,68.25,
1519,183.50,115.25,66.75,68.25,
1520,183.00,115.25,67.00,68.25,
1521,183.25,115.25,67.25,68.50,
1522,183.25,115.25,67.00,68.50,
1523,183.00,115.25,67.25,68.25,
1524,183.25,115.75,67.25,68.25,
1525,183.25,115.50,67.00,68.25,
1526,182.50,115.75,67.25,68.50,
1527,183.25,115.25,67.25,68.00,
1528,183.25,116.00,67.25,68.50,
1529,182.75,115.50,67.25,68.25,
1530,182.25,116.00,67.50,68.75,
1531,182.50,116.25,67.50,68.75,
1532,183.00,115.75,67.25,68.75,
1533,183.00,116.25,66.75,68.50,
1534,183.25,116.25,66.75,69.00,
1535,183.25,116.25,66.75,69.00,
1536,182.75,116.50,67.00,69.00,
1537,182.75,116.50,67.00,68.75,
1538,183.00,116.50,67.25,68.50,
1539,183.00,116.50,66.75,69.00,
1540,183.00,116.75,68.00,69.25,
1541,182.75,117.25,68.25,69.50,
1542,182.75,116.75,67.50,69.50,
1543,183.00,116.75,67.75,69.00,
1544,183.00,117.00,68.00,69.50,
1545,183.00,117.00,67.75,69.25,
1546,183.00,117.00,67.25,69.25,
1547,183.00,117.25,68.00,69.50,
1548,182.75,117.00,68.25,69.50,
1549,183.00,117.50,68.00,69.25,
1550,182.50,117.00,67.75,69.50,
1551,183.00,117.50,68.00,69.25,
1552,183.00,117.00,68.25,69.25,
1553,183.00,117.25,68.25,69.75,
1554,183.00,117.75,68.00,69.75,
1555,183.00,117.50,68.00,69.75,
1556,183.00,118.00,68.50,69.50,
1557,183.00,118.00,68.25,69.50,
1558,182.75,117.75,68.25,69.75,
1559,183.00,118.25,68.75,70.00,
1560,183.00,118.25,68.25,70.00,
1561,183.00,118.25,69.00,70.00,
1562,182.75,118.00,68.50,70.00,
1563,183.00,118.25,68.75,70.25,
1564,183.25,117.75,68.25,69.75,
1565,183.25,118.25,68.75,70.25,
1566,183.00,117.50,69.00,70.25,
1567,183.00,118.50,68.75,70.25,
1568,183.25,118.50,68.50,69.75,
1569,183.00,118.50,68.75,70.25,
1570,183.25,119.50,68.50,70.00,
1571,183.50,119.75,68.50,70.25,
1572,183.25,119.75,68.75,70.50,
1573,183.00,120.00,68.50,70.50,
1574,183.25,119.75,68.75,70.25,
1575,183.25,120.50,68.50,70.00,
1576,183.00,120.75,69.00,70.50,
1577,183.50,120.50,69.25,70.75,
1578,183.50,120.50,69.00,70.75,
1579,183.75,121.00,69.25,70.75,
1580,183.25,121.50,69.25,70.75,
1581,183.25,121.75,68.75,70.75,
1582,183.25,121.75,69.50,70.25,
1583,184.00,121.50,69.25,70.75,
1584,183.50,121.50,69.25,70.75,
1585,184.00,121.75,69.25,70.50,
1586,183.75,122.00,69.00,70.75,
1587,183.75,121.75,69.25,70.50,
1588,183.75,121.50,69.50,70.75,
1589,184.00,121.25,69.50,70.75,
1590,184.00,121.25,69.75,70.75,
1591,183.75,121.50,69.50,71.00,
1592,184.00,121.50,69.25,71.00,
1593,183.50,121.75,69.50,70.75,
1594,183.75,122.00,70.00,70.75,
1595,184.00,121.75,69.00,71.25,
1596,183.75,122.00,69.50,71.00,
1597,184.00,122.00,70.00,71.25,
1598,184.25,121.75,69.75,71.50,
1599,183.75,121.75,70.00,71.50,
1600,184.25,121.75,69.75,71.00,
1601,184.25,122.00,69.50,71.50,
1602,183.75,122.00,70.00,71.00,
1603,184.25,122.00,69.75,71.00,
1604,183.75,121.50,69.75,71.50,
1605,184.00,122.00,70.00,71.75,
1606,184.50,121.75,70.25,71.50,
1607,184.25,122.00,69.75,71.75,
1608,184.25,121.75,70.50,71.75,
1609,184.50,122.00,70.00,71.75,
1610,184.50,122.00,69.50,71.75,
1611,184.25,121.25,70.50,71.25,
1612,184.50,121.75,70.50,71.75,
1613,184.00,121.50,70.50,72.00,
1614,184.50,121.50,70.25,71.50,
1615,184.75,122.00,70.25,72.25,
1616,184.50,121.75,70.50,71.75,
1617,184.25,122.00,70.00,72.00,
1618,184.50,121.75,70.50,71.50,
1619,184.75,121.50,70.50,72.25,
1620,184.25,122.00,70.25,72.25,
1621,184.25,122.25,70.75,72.50,
1622,184.50,121.75,70.75,72.25,
1623,184.50,122.00,71.00,72.25,
1624,184.75,122.00,71.25,72.25,
1625,184.50,121.50,71.00,72.00,
1626,184.75,121.50,70.75,72.00,
1627,184.75,121.75,70.50,72.50,
1628,184.25,121.50,71.00,72.25,
1629,184.50,122.00,71.00,72.50,
1630,184.50,122.00,71.00,72.00,
1631,184.75,122.00,71.00,72.50,
1632,184.50,122.25,70.75,72.50,
1633,184.75,122.25,71.00,72.50,
1634,185.00,122.00,71.25,72.25,
1635,185.00,122.25,71.25,72.75,
1636,185.00,121.75,70.75,73.00,
1637,184.50,122.25,71.25,72.25,
1638,185.00,121.75,71.00,72.25,
1639,185.00,122.25,71.00,72.75,
1640,184.75,122.50,71.25,73.00,
1641,184.75,122.00,71.50,72.50,
1642,184.50,122.25,71.25,72.75,
1643,184.75,122.25,71.75,73.00,
1644,185.00,122.50,71.50,73.00,
1645,184.25,122.25,71.00,72.75,
1646,185.00,122.00,71.75,73.00,
1647,184.50,122.25,71.75,72.75,
1648,184.75,122.25,71.50,72.75,
1649,184.50,122.00,71.50,73.25,
1650,184.75,121.50,71.50,73.25,
1651,185.00,122.00,71.25,73.25,
1652,185.00,122.00,71.75,73.25,
1653,184.75,122.00,71.50,73.50,
1654,185.00,122.00,72.00,73.50,
1655,185.00,122.25,71.75,73.50,
1656,185.00,122.25,72.00,73.50,
1657,185.00,122.25,72.50,73.50,
1658,184.75,121.75,71.75,73.75,
1659,185.00,122.25,72.25,73.50,
1660,184.50,122.25,72.00,73.75,
1661,185.00,122.00,72.00,73.50,
1662,184.75,122.00,71.75,73.75,
1663,185.00,122.00,72.75,73.75,
1664,184.50,121.25,72.25,73.75,
1665,185.00,121.50,72.50,73.25,
1666,185.00,121.75,72.50,73.75,
1667,185.00,121.75,72.50,74.00,
1668,184.75,121.50,72.50,74.00,
1669,184.75,121.50,72.50,73.75,
1670,184.75,121.50,72.75,74.00,
1671,184.75,121.25,72.75,73.50,
1672,185.00,121.50,73.00,74.00,
1673,184.75,121.25,72.50,74.25,
1674,184.75,121.50,72.50,74.25,
1675,184.25,121.00,72.75,74.25,
1676,185.00,121.50,72.25,73.75,
1677,185.00,120.75,73.00,74.25,
1678,184.50,121.50,73.00,73.75,
1679,184.50,121.50,72.75,74.25,
1680,184.75,121.50,72.75,74.25,
1681,185.00,121.00,72.50,74.25,
1682,184.75,121.50,73.25,74.25,
1683,184.50,121.25,73.00,74.50,
1684,184.75,121.75,72.50,74.00,
1685,185.00,121.75,72.75,74.00,
1686,185.00,121.25,73.00,74.25,
1687,185.00,121.00,73.25,74.75,
1688,184.75,121.75,73.00,74.25,
1689,184.75,121.25,72.75,74.75,
1690,184.25,121.50,73.50,74.75,
1691,184.25,121.00,73.00,74.50,
1692,185.00,121.50,73.50,74.75,
1693,184.75,121.25,73.50,74.75,
1694,185.00,121.50,73.25,75.00,
1695,184.75,121.25,73.25,75.00,
1696,184.50,121.25,73.25,74.75,
1697,184.50,121.25,73.75,75.00,
1698,184.25,121.00,73.00,74.50,
1699,184.00,121.50,73.25,74.75,
1700,184.75,121.25,72.75,75.00,
1701,184.50,121.25,73.75,75.00,
1702,184.50,121.25,73.50,75.25,
1703,184.50,121.00,73.50,75.25,
1704,184.50,121.25,73.25,75.00,
1705,184.50,121.25,73.75,74.75,
1706,184.50,121.25,73.75,75.25,
1707,184.25,121.25,73.50,75.25,
1708,184.25,121.00,73.75,75.50,
1709,184.50,121.00,73.25,75.50,
1710,184.50,120.50,73.75,75.00,
1711,184.50,121.25,73.50,75.50,
1712,184.75,121.25,73.75,75.50,
1713,184.25,121.50,74.00,75.50,
1714,184.50,121.50,74.00,75.50,
1715,184.00,121.00,73.75,75.50,
1716,184.25,121.25,74.00,75.75,
1717,184.50,121.25,74.00,75.50,
1718,184.25,121.25,74.25,76.00,
1719,184.25,121.25,74.25,75.75,
1720,184.00,121.25,74.50,76.00,
1721,184.25,120.25,74.50,75.75,
1722,184.25,120.50,74.25,75.75,
1723,183.75,120.50,74.25,76.00,
1724,184.25,120.50,74.50,75.50,
1725,184.00,120.75,74.75,76.00,
1726,183.75,121.00,74.00,76.00,
1727,183.50,120.75,74.50,76.00,
1728,184.25,120.25,74.75,76.25,
1729,184.25,120.75,74.50,75.50,
1730,184.00,121.25,74.50,76.00,
1731,184.00,120.50,74.75,76.25,
1732,184.25,120.75,74.75,76.25,
1733,184.25,120.50,75.00,76.25,
1734,184.00,120.50,74.75,76.50,
1735,184.00,120.75,74.75,76.25,
1736,183.25,121.00,74.75,76.00,
1737,184.00,121.00,75.25,76.00,
1738,183.50,120.75,75.25,76.25,
1739,183.50,121.00,75.00,76.25,
1740,183.75,121.00,74.50,76.25,
1741,183.75,121.25,75.00,76.50,
1742,183.75,121.00,75.00,76.50,
1743,183.75,120.75,75.00,76.25,
1744,184.00,121.00,75.00,76.50,
1745,183.75,120.75,74.75,76.50,
1746,184.00,121.00,75.00,76.25,
1747,183.75,121.25,75.25,76.75,
1748,183.75,121.25,75.25,76.75,
1749,184.00,121.25,75.25,76.75,
1750,183.75,121.50,75.50,76.75,
1751,183.75,121.00,75.50,76.75,
1752,183.75,121.75,75.00,76.50,
1753,184.00,121.25,75.25,76.75,
1754,183.50,121.75,75.75,77.00,
1755,183.50,121.75,75.50,77.00,
1756,183.75,122.25,75.50,77.00,
1757,183.50,122.50,75.75,77.00,
1758,183.50,122.50,75.25,77.00,
1759,183.75,122.50,75.50,77.00,
1760,183.50,122.25,75.50,77.00,
1761,183.75,122.25,75.75,77.00,
1762,183.50,123.00,75.75,77.00,
1763,184.00,123.25,75.75,76.25,
1764,183.75,123.25,76.00,77.25,
1765,183.00,123.50,75.75,77.25,
1766,183.75,123.50,75.75,77.00,
1767,183.75,123.50,75.50,77.25,
1768,183.75,124.00,75.50,76.75,
1769,183.50,123.75,75.50,77.25,
1770,183.50,124.50,76.00,77.25,
1771,183.75,124.50,76.00,77.00,
1772,183.50,125.00,76.00,77.50,
1773,184.00,125.00,76.25,77.25,
1774,183.75,124.75,76.00,77.50,
1775,183.75,125.25,76.00,77.00,
1776,184.00,125.75,76.00,77.75,
1777,184.00,126.00,76.25,77.50,
1778,184.00,125.75,75.75,77.50,
1779,183.50,126.00,76.50,77.50,
1780,184.00,126.00,76.25,77.50,
1781,184.00,126.50,76.50,77.25,
1782,183.75,126.50,76.50,77.50,
1783,184.00,126.50,76.50,77.50,
1784,183.75,126.50,76.50,77.75,
1785,184.25,126.75,76.50,77.50,
1786,184.25,127.25,76.50,77.25,
1787,184.00,127.00,76.75,77.75,
1788,183.75,127.50,76.50,77.50,
1789,184.00,127.50,76.50,78.00,
1790,184.25,127.75,76.50,78.00,
1791,184.25,128.00,76.50,78.00,
1792,183.75,127.75,76.50,78.00,
1793,184.50,127.75,76.75,78.00,
1794,184.50,127.25,76.75,78.25,
1795,184.25,127.75,76.50,78.00,
1796,184.50,127.75,77.00,78.25,
1797,184.50,127.75,76.75,78.25,
1798,184.00,127.75,77.00,78.00,
1799,184.50,127.75,76.50,78.25,
1800,184.50,127.75,76.75,78.25,
1801,184.25,127.75,77.00,77.75,
1802,184.50,127.75,77.00,78.00,
1803,184.50,128.00,76.75,78.50,
1804,185.00,128.00,77.25,78.25,
1805,184.50,127.50,77.25,78.25,
1806,184.50,127.75,76.50,78.50,
1807,184.25,128.25,77.25,78.25,
1808,184.75,128.00,77.00,78.50,
1809,184.50,128.00,77.00,78.75,
1810,184.75,128.00,77.50,78.75,
1811,184.75,128.00,77.25,78.25,
1812,185.25,128.00,77.00,78.25,
1813,184.25,128.00,77.00,78.75,
1814,184.75,127.75,77.50,78.75,
1815,184.75,128.25,77.25,78.75,
1816,185.25,127.75,76.75,78.75,
1817,184.50,128.00,77.75,78.75,
1818,184.75,128.25,76.75,78.50,
1819,185.00,128.00,77.00,79.00,
1820,184.75,128.00,77.25,79.00,
1821,185.00,127.75,77.25,79.00,
1822,185.00,127.75,77.75,78.75,
1823,184.75,128.50,78.00,78.50,
1824,185.00,128.00,77.75,79.00,
1825,184.75,128.50,77.75,78.75,
1826,185.00,129.00,77.50,78.50,
1827,185.25,128.75,77.75,79.25,
1828,185.25,128.50,77.50,79.25,
1829,184.25,129.00,77.50,79.00,
1830,185.25,129.00,78.00,79.25,
1831,185.25,128.75,79.00,79.75,
1832,185.25,129.50,78.75,79.50,
1833,184.75,129.25,78.25,80.00,
1834,185.50,129.25,79.00,79.75,
1835,185.50,129.00,79.00,79.75,
1836,185.25,129.25,79.00,80.00,
1837,185.25,129.50,78.50,79.75,
1838,185.25,129.50,78.75,80.25,
1839,185.25,129.25,79.25,80.00,
1840,185.00,129.00,78.50,80.00,
1841,185.50,129.25,79.00,80.00,
1842,185.25,129.25,78.75,80.00,
1843,185.00,129.00,78.75,80.00,
1844,184.50,129.25,79.00,80.00,
1845,185.00,129.25,78.75,79.75,
1846,185.25,129.50,79.50,79.75,
1847,185.25,129.50,79.00,80.25,
1848,185.00,129.25,79.00,80.25,
1849,185.75,129.50,79.00,80.50,
1850,185.50,129.25,79.50,80.50,
1851,185.75,129.25,79.25,80.25,
1852,185.50,129.50,79.00,80.25,
1853,185.50,129.25,79.25,80.00,
1854,185.25,129.00,79.25,80.25,
1855,185.75,128.75,79.00,80.50,
1856,185.50,129.00,79.75,80.25,
1857,185.50,129.00,79.75,80.25,
1858,185.75,129.25,79.50,80.75,
1859,185.75,129.00,79.50,80.75,
1860,185.50,128.50,79.75,80.75,
1861,185.00,129.00,79.75,80.50,
1862,185.25,128.75,79.50,80.25,
1863,185.75,128.50,79.00,81.00,
1864,185.50,128.50,79.50,80.75,
1865,185.50,129.00,79.50,79.75,
1866,185.50,128.25,79.75,80.75,
1867,185.75,128.50,79.50,80.75,
1868,185.75,128.75,80.00,81.00,
1869,185.50,128.75,79.50,80.50,
1870,185.75,128.75,79.75,81.00,
1871,185.75,129.00,80.00,80.75,
1872,185.75,128.75,80.00,81.00,
1873,185.75,129.25,80.25,81.00,
1874,185.25,129.00,80.00,81.00,
1875,185.50,129.00,80.25,81.00,
1876,185.25,129.25,80.00,81.25,
1877,185.75,129.00,80.25,81.00,
1878,185.75,129.25,80.25,81.00,
1879,185.50,129.50,80.25,81.25,
1880,185.50,129.50,80.25,81.00,
1881,185.50,129.25,79.75,81.25,
1882,185.00,129.50,80.50,81.00,
1883,185.75,129.00,80.50,81.50,
1884,185.50,128.75,80.50,81.25,
1885,185.25,129.50,80.25,81.50,
1886,185.25,129.25,80.25,81.75,
1887,185.75,129.25,80.50,81.25,
1888,185.50,129.50,80.75,80.75,
1889,185.25,129.25,80.75,81.50,
1890,185.75,129.25,80.50,81.50,
1891,185.50,129.25,80.25,81.75,
1892,185.25,129.25,80.75,81.75,
1893,185.75,129.25,80.25,81.50,
1894,185.75,129.50,80.75,81.75,
1895,185.75,129.50,80.75,81.50,
1896,185.50,129.25,80.75,81.50,
1897,185.25,129.00,80.75,81.75,
1898,185.50,128.75,80.75,81.75,
1899,185.75,128.75,80.75,81.50,
1900,185.25,129.25,80.75,81.50,
1901,185.50,129.00,80.50,81.50,
1902,185.75,129.25,81.00,81.50,
1903,185.25,128.75,80.75,82.00,
1904,185.75,129.25,81.00,81.75,
1905,185.00,129.00,81.00,82.00,
1906,185.25,128.25,80.75,81.75,
1907,185.25,128.75,80.75,82.00,
1908,185.25,128.75,81.00,81.50,
1909,185.25,128.75,81.00,82.00,
1910,185.25,129.00,80.50,82.00,
1911,185.50,128.50,80.75,81.75,
1912,184.75,128.50,81.00,81.75,
1913,185.25,128.25,81.00,81.75,
1914,185.00,128.50,81.25,82.00,
1915,185.50,128.25,81.50,82.00,
1916,185.50,128.75,80.75,82.00,
1917,185.00,128.50,81.50,82.00,
1918,185.25,129.00,81.50,82.50,
1919,184.50,128.25,81.50,82.00,
1920,184.75,128.50,81.50,82.50,
1921,184.75,128.50,80.75,82.50,
1922,185.00,129.00,81.50,82.50,
1923,185.25,128.75,81.25,82.50,
1924,185.25,128.75,81.00,82.75,
1925,185.25,128.50,81.75,82.25,
1926,184.75,128.75,81.75,82.00,
1927,185.25,128.50,81.50,82.75,
1928,185.25,129.00,81.75,82.75,
1929,184.50,128.50,81.75,82.75,
1930,184.75,129.00,81.25,82.25,
1931,185.00,128.75,81.75,82.75,
1932,185.00,129.00,81.50,82.25,
1933,184.75,128.75,81.25,82.50,
1934,184.75,129.00,82.00,82.75,
1935,184.75,129.00,81.75,82.75,
1936,185.00,128.75,82.00,82.50,
1937,184.75,129.25,82.00,83.00,
1938,184.25,128.50,82.00,82.75,
1939,185.00,128.75,81.75,83.00,
1940,184.25,128.50,81.50,83.25,
1941,184.75,128.75,82.00,83.00,
1942,184.75,128.25,81.75,82.75,
1943,184.75,128.25,82.25,83.25,
1944,184.75,128.75,81.75,83.00,
1945,184.50,128.50,81.50,83.00,
1946,184.50,128.25,82.00,82.75,
1947,184.75,128.00,82.25,82.75,
1948,184.50,128.50,82.00,83.00,
1949,184.75,128.75,81.75,83.25,
1950,184.75,128.75,82.25,83.50,
1951,184.75,128.75,82.00,83.25,
1952,184.00,129.00,82.25,83.00,
1953,184.75,129.00,82.00,83.25,
1954,184.50,129.25,82.25,83.50,
1955,184.50,129.50,82.00,83.50,
1956,184.75,129.50,82.50,83.25,
1957,184.75,129.25,82.25,83.00,
1958,183.75,129.50,82.75,83.25,
1959,184.25,129.75,82.75,83.00,
1960,184.75,129.75,82.50,83.50,
1961,184.75,129.75,82.50,83.50,
1962,184.00,129.50,82.25,83.50,
1963,184.50,129.75,82.75,83.50,
1964,184.75,130.00,82.25,83.75,
1965,184.00,130.25,82.75,83.25,
1966,184.50,130.25,82.75,83.75,
1967,184.25,130.50,82.25,83.25,
1968,184.25,130.25,82.50,83.50,
1969,184.50,130.50,82.75,83.50,
1970,184.00,130.50,83.00,83.75,
1971,184.50,130.75,82.50,83.50,
1972,184.50,130.75,83.00,83.50,
1973,184.25,131.00,82.75,83.75,
1974,184.50,130.50,83.25,84.00,
1975,184.50,130.75,83.25,83.50,
1976,184.00,130.75,83.00,83.75,
1977,184.50,131.00,83.00,83.75,
1978,184.25,130.50,83.00,84.00,
1979,184.75,130.75,82.75,84.00,
1980,183.75,130.75,83.00,83.50,
1981,184.50,131.25,83.00,83.50,
1982,184.50,131.25,83.00,84.00,
1983,184.25,131.25,83.25,84.00,
1984,184.75,131.25,82.75,84.25,
1985,184.50,131.75,83.00,84.00,
1986,184.00,131.75,83.25,84.00,
1987,184.50,131.50,83.25,84.00,
1988,184.50,131.75,83.00,84.25,
1989,184.25,131.75,83.00,84.50,
1990,184.25,131.50,83.50,84.25,
1991,184.25,132.00,83.50,83.75,
1992,184.75,132.00,83.50,84.00,
1993,184.50,132.50,83.75,84.75,
1994,184.75,132.50,83.50,84.25,
1995,184.00,132.50,83.50,83.75,
1996,184.50,132.75,83.25,84.25,
1997,184.75,132.50,83.75,84.50,
1998,184.75,132.75,83.25,84.25,
1999,185.00,133.00,83.50,84.50,
2000,185.00,132.75,84.00,84.75,
2001,184.75,133.00,83.75,84.75,
2002,185.00,133.00,83.75,85.00,
2004,185.00,132.75,84.00,84.50,
2005,185.25,133.00,84.00,84.75,
2006,184.75,132.75,83.75,84.25,
2007,184.75,132.25,83.75,84.50,
2008,185.25,133.25,84.00,84.25,
2009,184.50,132.75,83.50,84.25,
2010,185.50,133.50,83.75,84.75,
2011,185.50,133.75,84.00,84.75,
2012,185.25,133.50,84.25,85.00,
2013,184.50,133.25,84.25,84.00,
2014,185.25,133.25,84.25,85.00,
2015,184.75,133.75,84.25,84.75,
2016,185.50,133.50,84.25,85.00,
2017,184.75,133.50,84.00,84.75,
2018,185.00,133.75,84.50,84.75,
2019,185.00,134.00,84.25,85.00,
2020,185.25,134.00,84.25,84.50,
2021,185.25,134.00,84.25,84.75,
2022,184.75,133.50,83.75,85.00,
2023,185.50,133.50,84.00,85.25,
2024,185.25,134.25,84.25,84.50,
2025,185.00,134.50,84.25,85.00,
2026,184.75,134.50,84.00,85.25,
2027,185.50,134.25,84.00,85.25,
2028,185.75,134.00,84.00,85.00,
2029,185.00,134.00,84.50,85.25,
2030,185.75,134.50,84.25,85.50,
2031,185.50,134.50,84.50,85.50,
2032,185.50,134.50,84.50,85.25,
2033,185.75,134.75,84.75,85.25,
2034,185.75,134.50,84.25,84.75,
2035,185.75,134.75,84.75,85.50,
2036,185.25,134.00,84.75,85.75,
2037,186.00,134.50,84.50,85.25,
2038,185.75,134.25,84.75,85.25,
2039,185.50,134.50,84.75,85.75,
2040,186.00,134.50,84.75,85.50,
2041,186.00,134.75,85.00,85.75,
2042,185.50,134.50,84.00,85.50,
2043,185.75,134.00,85.00,85.00,
2044,185.75,134.25,85.00,86.00,
2045,186.25,135.00,84.50,85.25,
2046,185.50,134.00,84.75,86.00,
2047,186.00,134.25,85.25,85.75,
2048,186.00,134.25,85.00,85.75,
2049,186.00,135.00,85.00,85.75,
2050,185.50,134.50,85.00,86.00,
2051,186.00,134.75,85.00,86.00,
2052,186.00,135.00,85.25,85.50,
2053,185.75,134.75,84.75,86.00,
2054,186.00,134.75,85.50,86.00,
2055,186.25,134.50,85.50,85.75,
2056,186.25,134.50,85.25,86.00,
2057,186.00,134.50,85.50,86.00,
2058,186.25,135.00,85.50,86.00,
2059,186.25,135.00,85.50,86.25,
2060,186.25,134.50,84.75,86.00,
2061,186.25,134.75,85.75,86.00,
2062,186.00,135.00,85.50,86.00,
2063,185.75,134.25,85.25,86.25,
2064,186.00,135.00,85.25,86.25,
2065,186.25,134.25,84.75,86.25,
2066,186.50,134.50,85.75,86.00,
2067,186.25,134.25,85.25,86.25,
2068,186.25,133.75,85.50,86.25,
2069,186.25,134.50,85.50,86.25,
2070,186.25,134.50,85.25,86.25,
2071,186.00,134.50,85.50,86.50,
2072,186.25,134.25,85.00,86.25,
2073,186.50,134.00,85.75,86.50,
2074,186.00,134.00,85.50,86.50,
2075,185.75,134.00,85.50,86.50,
2076,186.25,133.75,85.25,86.50,
2077,185.50,134.00,85.50,86.50,
2078,186.25,134.00,85.50,86.25,
2079,186.00,133.75,85.75,86.50,
2080,186.25,134.25,86.00,86.25,
2081,186.25,134.25,85.75,86.00,
2082,185.50,134.00,85.75,86.50,
2083,186.25,134.25,85.75,86.75,
2084,186.50,134.50,86.25,86.50,
2085,186.25,134.75,85.75,86.75,
2086,186.50,134.75,85.50,86.75,
2087,186.25,134.50,85.25,86.75,
2088,185.75,134.50,85.25,86.75,
2089,186.50,134.50,86.00,86.25,
2090,186.25,134.50,86.00,86.75,
2091,186.00,134.25,85.25,86.50,
2092,186.25,134.00,86.25,86.75,
2093,186.25,133.50,85.75,86.75,
2094,186.25,134.00,86.00,87.00,
2095,186.25,134.25,85.50,87.00,
2096,186.25,134.00,86.25,87.00,
2097,185.75,134.25,85.75,87.00,
2098,185.75,134.25,85.75,86.75,
2099,186.25,134.00,86.00,86.75,
2100,186.25,133.75,86.25,87.00,
2101,186.00,134.00,86.25,87.25,
2102,186.25,134.00,85.75,87.00,
2103,186.25,133.75,86.50,87.25,
2104,186.25,134.00,86.25,87.25,
2105,185.75,133.50,86.25,86.75,
2106,185.50,134.00,86.25,86.75,
2107,185.75,133.75,86.00,87.25,
2108,186.00,133.50,86.50,87.25,
2109,185.75,133.00,86.25,87.00,
2110,186.00,133.75,86.50,87.25,
2111,185.25,133.25,86.00,87.25,
2112,186.00,133.75,86.25,87.25,
2113,186.00,134.00,86.25,87.25,
2114,186.00,133.75,86.50,87.25,
2115,186.00,134.00,86.25,87.75,
2116,186.00,133.75,86.75,87.00,
2117,185.75,133.75,86.50,87.25,
2118,185.75,133.50,86.25,87.00,
2119,186.00,133.25,86.75,87.50,
2120,185.75,133.75,86.75,87.50,
2121,185.75,133.50,86.75,87.00,
2122,185.25,133.50,86.50,87.50,
2123,185.75,133.50,86.75,87.25,
2124,186.00,133.25,86.50,87.50,
2125,185.75,133.25,86.50,87.50,
2126,185.25,133.00,86.50,87.50,
2127,185.50,132.75,86.75,87.50,
2128,184.75,132.25,86.75,87.25,
2129,185.50,132.75,87.00,87.50,
2130,185.25,132.75,86.75,87.75,
2131,185.75,132.00,86.75,87.25,
2132,185.75,132.25,87.00,87.50,
2133,185.75,132.25,86.50,87.50,
2134,185.50,132.25,87.00,87.50,
2135,185.75,132.25,86.75,87.25,
2136,185.25,132.50,87.25,87.50,
2137,185.50,132.25,86.75,87.50,
2138,185.50,132.50,86.75,87.75,
2139,185.25,132.50,87.25,87.50,
2140,185.25,132.00,87.25,87.50,
2141,185.00,132.50,87.00,88.00,
2142,185.50,132.50,86.50,87.50,
2143,185.00,132.25,87.00,87.75,
2144,185.25,132.25,87.00,88.00,
2145,185.25,132.25,87.00,87.50,
2146,184.75,132.50,87.00,87.75,
2147,185.50,132.50,87.00,87.50,
2148,185.25,132.50,87.00,87.75,
2149,185.00,132.50,87.50,88.00,
2150,184.75,132.25,87.25,87.75,
2151,185.25,132.00,87.50,88.00,
2152,184.75,131.75,87.25,88.00,
2153,185.50,132.00,87.00,88.00,
2154,185.00,131.25,87.25,88.00,
2155,185.00,131.50,87.25,88.25,
2156,185.00,131.75,87.50,88.00,
2157,185.25,132.25,87.00,87.50,
2158,185.00,132.25,87.50,87.50,
2159,185.00,132.25,87.25,88.50,
2160,185.50,132.75,87.50,87.75,
2161,184.25,133.00,87.50,88.25,
2162,185.00,133.00,87.00,88.25,
2163,184.50,133.25,87.50,87.75,
2164,185.00,133.25,87.00,88.25,
2165,185.00,133.25,87.00,87.75,
2166,184.50,133.00,87.75,88.25,
2167,185.00,133.50,87.25,88.25,
2168,185.00,133.25,87.25,88.25,
2169,185.00,133.25,87.75,88.25,
2170,185.00,133.50,87.75,88.25,
2171,185.00,133.75,87.25,88.25,
2172,185.25,134.00,87.75,88.00,
2173,184.50,134.00,87.50,88.50,
2174,184.50,134.25,87.50,88.50,
2175,184.75,134.50,87.75,88.00,
2176,184.75,134.75,87.25,88.50,
2177,184.75,135.00,87.50,88.50,
2178,185.25,135.25,87.50,88.50,
2179,185.25,135.50,87.75,88.25,
2180,184.75,135.50,87.75,88.25,
2181,184.75,135.50,87.75,88.50,
2182,185.25,135.75,87.25,88.25,
2183,185.00,136.00,87.50,88.50,
2184,185.00,136.50,87.25,88.00,
2185,185.00,136.00,87.25,88.00,
2186,185.50,136.50,88.00,88.50,
2187,185.00,136.75,87.50,88.75,
2188,185.50,136.75,87.75,88.75,
2189,185.00,137.25,87.75,88.50,
2190,185.25,137.25,87.75,88.25,
2191,185.25,137.50,88.00,88.50,
2192,185.25,137.50,87.50,88.75,
2193,185.50,138.00,87.75,88.25,
2194,185.50,138.00,88.00,88.75,
2195,185.25,138.25,87.75,88.75,
2196,185.50,138.50,88.00,88.75,
2197,185.50,138.50,88.00,88.75,
2198,185.75,138.75,87.75,88.75,
2199,185.25,138.75,87.50,88.75,
2200,185.50,139.00,88.25,89.00,
2201,185.50,138.75,87.75,88.75,
2202,185.75,139.25,88.25,89.00,
2203,185.75,139.25,88.00,89.00,
2204,186.00,139.50,88.25,89.00,
2205,185.50,139.50,88.00,89.00,
2206,186.25,139.50,88.25,89.00,
2207,185.75,139.75,88.25,89.00,
2208,186.00,139.50,87.75,89.00,
2209,186.25,139.25,88.00,89.25,
2210,185.50,139.75,88.25,89.00,
2211,185.75,139.25,88.50,89.00,
2212,186.00,140.00,88.50,89.00,
2213,186.00,140.00,88.50,89.00,
2214,186.00,139.50,87.75,89.00,
2215,186.00,140.25,88.25,89.00,
2216,185.75,139.75,88.00,89.25,
2217,186.25,139.75,88.25,89.25,
2218,186.50,139.75,88.00,89.00,
2219,186.75,139.50,88.25,89.00,
2220,186.75,139.25,87.75,89.00,
2221,186.50,139.25,88.25,89.25,
2222,186.50,139.50,88.50,89.25,
2223,186.75,139.25,88.50,89.25,
2224,186.50,138.75,88.25,89.25,
2225,187.00,138.50,88.50,89.00,
2226,186.50,138.50,88.50,89.25,
2227,186.50,138.50,88.50,89.25,
2228,186.75,138.00,88.00,89.50,
2229,187.00,138.25,88.25,89.25,
2230,186.50,138.25,88.25,89.00,
2231,187.25,138.25,88.75,89.25,
2232,186.50,138.25,88.00,89.25,
2233,187.25,138.00,88.50,89.00,
2234,187.00,137.50,88.50,89.25,
2235,187.00,138.00,88.50,89.50,
2236,187.25,138.00,88.75,89.00,
2237,187.00,137.75,89.00,89.50,
2238,186.50,137.75,88.75,89.50,
2239,186.75,137.00,88.25,89.25,
2240,186.75,138.00,88.75,89.50,
2241,187.00,138.00,88.50,89.50,
2242,187.00,138.00,89.00,89.50,
2243,187.00,138.00,88.75,89.50,
2244,187.75,138.00,88.50,89.50,
2245,187.50,137.50,88.75,89.50,
2246,187.25,137.50,88.25,89.50,
2247,187.75,137.25,88.75,89.25,
2248,187.50,137.00,88.75,89.75,
2249,187.25,137.25,88.75,89.75,
2250,187.00,137.00,88.50,89.50,
2251,187.25,137.25,88.75,89.50,
2252,187.75,137.25,89.00,89.50,
2253,187.25,137.00,88.50,89.50,
2254,187.50,137.25,89.25,90.00,
2255,187.00,137.25,89.00,89.75,
2256,187.50,137.25,89.00,89.75,
2257,187.50,137.00,89.00,89.75,
2258,187.00,136.75,88.75,89.75,
2259,187.50,137.25,89.25,89.50,
2260,188.00,137.00,89.25,89.75,
2261,187.50,136.75,89.00,89.50,
2262,187.50,137.25,89.00,89.50,
2263,187.50,136.75,89.25,89.75,
2264,187.50,136.50,89.00,90.00,
2265,187.50,136.75,89.00,90.00,
2266,187.25,136.25,89.00,90.00,
2267,187.50,136.75,89.25,89.75,
2268,187.50,136.50,89.00,89.75,
2269,187.25,136.75,89.00,89.50,
2270,187.50,136.75,89.00,89.75,
2271,187.50,136.50,89.25,89.50,
2272,187.50,137.00,88.75,89.75,
2273,187.25,136.75,89.00,90.00,
2274,187.50,136.75,89.00,89.25,
2275,187.75,136.50,89.50,90.25,
2276,187.75,136.75,89.25,90.00,
2277,187.25,136.25,89.50,89.75,
2278,187.75,136.50,88.75,90.00,
2279,187.25,136.00,89.50,90.00,
2280,187.75,136.50,89.50,89.75,
2281,187.50,136.25,89.25,89.75,
2282,187.75,136.50,89.25,89.75,
2283,187.75,136.00,89.25,90.00,
2284,188.00,136.00,89.50,90.00,
2285,188.00,136.25,88.75,90.00,
2286,188.25,136.25,89.50,90.00,
2287,187.75,136.00,89.25,90.00,
2288,187.25,135.75,89.25,90.00,
2289,188.25,135.75,89.00,90.00,
2290,187.75,135.25,89.25,90.00,
2291,187.75,135.75,89.75,90.00,
2292,187.75,135.50,89.75,90.00,
2293,188.00,135.75,89.25,90.00,
2294,188.25,135.50,89.75,90.25,
2295,188.25,135.50,89.50,90.25,
2296,188.00,135.50,89.50,90.25,
2297,188.25,135.50,89.25,90.25,
2298,187.75,135.50,89.50,90.25,
2299,188.00,135.25,89.50,90.00,
2300,188.00,134.75,89.75,90.00,
2301,187.50,135.25,89.25,90.00,
2302,188.00,135.25,89.50,90.25,
2303,187.75,135.25,89.25,90.25,
2304,187.75,135.50,89.50,90.25,
2305,188.00,135.00,89.75,90.25,
2306,187.75,134.50,89.75,90.25,
2307,188.00,135.00,89.50,90.25,
2308,187.50,135.00,90.00,90.50,
2309,187.75,134.25,90.00,90.50,
2310,187.50,135.00,89.50,90.25,
2311,188.25,135.00,89.50,90.25,
2312,188.00,135.00,89.75,90.25,
2313,187.25,135.00,89.50,90.50,
2314,187.75,135.00,90.00,90.25,
2315,187.75,134.75,90.00,90.25,
2316,188.00,134.75,89.75,90.75,
2317,187.25,134.50,89.50,90.50,
2318,188.00,134.25,89.75,90.50,
2319,188.00,134.50,89.75,90.50,
2320,187.50,134.50,90.25,90.75,
2321,187.75,134.50,89.75,90.50,
2322,187.75,134.25,90.00,90.50,
2323,188.00,134.25,90.00,90.75,
2324,187.75,134.25,90.00,90.25,
2325,187.75,134.50,89.75,90.00,
2326,187.25,134.25,90.25,90.50,
2327,188.00,134.00,90.00,90.75,
2328,187.75,134.25,90.25,90.75,
2329,187.50,134.25,89.75,90.75,
2330,187.75,133.75,89.50,90.50,
2331,187.25,133.75,90.00,90.50,
2332,187.50,134.50,90.25,90.75,
2333,188.00,133.75,89.75,90.50,
2334,187.50,134.25,89.50,90.50,
2335,187.50,134.00,89.75,90.50,
2336,187.25,134.25,90.25,90.75,
2337,187.50,134.50,89.50,90.50,
2338,187.50,134.25,89.50,90.25,
2339,187.25,133.75,89.75,90.75,
2340,187.25,133.75,90.00,90.75,
2341,187.50,134.50,90.00,90.75,
2342,187.25,133.75,89.25,90.50,
2343,187.50,134.00,90.00,90.25,
2344,187.50,134.00,89.75,90.25,
2345,187.00,134.75,90.25,91.00,
2346,187.50,134.25,90.50,91.00,
2347,187.50,134.00,89.75,90.75,
2348,187.50,134.25,89.75,91.25,
2349,187.25,134.00,90.00,91.00,
2350,187.25,134.00,90.25,91.00,
2351,187.50,134.25,90.25,90.75,
2352,187.25,134.25,90.25,90.50,
2353,187.00,134.00,90.25,90.75,
2354,187.25,134.50,90.00,91.25,
2355,187.25,134.25,90.50,91.00,
2356,187.50,134.50,90.25,91.00,
2357,187.25,134.75,90.00,91.00,
2358,186.75,134.50,90.25,91.00,
2359,187.00,134.50,90.50,91.00,
2360,187.50,134.50,90.25,90.75,
2361,187.00,134.50,90.00,91.00,
2362,187.50,134.75,90.25,91.00,
2363,187.00,134.75,89.75,90.75,
2364,187.50,134.50,90.50,91.00,
2365,187.25,135.25,90.50,91.00,
2366,187.25,134.75,90.50,91.00,
2367,186.75,135.25,90.00,91.00,
2368,186.75,135.00,90.25,91.25,
2369,187.00,135.25,90.75,90.50,
2370,186.75,135.50,90.50,91.25,
2371,187.00,135.25,90.50,91.25,
2372,187.25,135.25,90.25,91.25,
2373,187.00,135.75,90.50,91.25,
2374,186.75,135.50,90.00,91.00,
2375,187.00,135.00,90.25,91.25,
2376,187.00,135.75,90.25,91.25,
2377,186.50,135.50,90.50,91.00,
2378,187.25,135.75,90.50,91.50,
2379,186.75,136.00,90.75,91.25,
2380,186.50,136.25,90.75,91.00,
2381,187.00,136.25,90.25,91.50,
2382,186.75,136.25,90.75,90.75,
2383,186.75,136.25,90.50,91.50,
2384,186.75,136.50,90.25,91.50,
2385,187.25,136.75,90.75,91.50,
2386,186.75,136.75,90.50,91.25,
2387,186.75,137.00,90.75,91.50,
2388,187.00,137.75,91.00,90.50,
2389,187.00,137.50,90.00,91.00,
2390,186.75,138.00,90.25,91.50,
2391,187.00,138.25,90.75,91.75,
2392,187.25,138.00,90.50,91.25,
2393,187.25,138.25,90.50,91.25,
2394,187.00,138.50,91.00,91.25,
2395,187.25,138.50,90.75,91.75,
2396,187.00,138.50,91.00,91.00,
2397,186.75,138.25,90.75,91.50,
2398,187.25,138.25,91.00,91.25,
2399,187.00,139.00,91.00,91.50,
2400,187.00,139.00,91.00,91.25,
2401,187.00,139.00,91.00,91.50,
2402,187.25,138.75,90.50,92.00,
2403,187.00,139.25,91.25,91.00,
2404,186.75,139.75,91.00,91.25,
2405,186.50,139.25,91.00,91.75,
2406,187.00,139.75,91.25,92.00,
2407,187.25,139.75,91.00,91.25,
2408,187.25,139.75,91.00,91.25,
2409,187.25,139.75,91.00,92.00,
2410,187.50,140.00,91.25,91.50,
2411,187.50,140.00,90.50,91.50,
2412,187.00,140.00,90.75,91.25,
2413,187.50,140.50,90.75,91.50,
2414,187.75,140.75,91.00,91.75,
2415,187.50,140.75,91.00,91.75,
2416,187.25,140.25,91.25,91.50,
2417,187.75,140.75,91.00,91.50,
2418,187.75,141.00,91.00,91.75,
2419,187.25,141.00,90.75,91.75,
2420,187.75,141.50,91.00,91.50,
2421,188.00,141.75,91.25,91.50,
2422,187.50,141.25,90.75,91.25,
2423,188.00,141.50,91.25,91.25,
2424,187.75,141.50,91.25,91.75,
2425,188.25,141.50,90.75,91.75,
2426,187.75,141.50,91.25,91.25,
2427,187.25,141.00,90.75,92.25,
2428,187.75,141.25,91.50,91.50,
2429,187.50,140.75,91.00,92.00,
2430,188.25,141.00,91.00,92.00,
2431,188.00,141.00,91.50,92.00,
2432,188.25,141.00,91.25,91.75,
2433,188.50,141.00,91.25,92.00,
2434,188.50,141.25,91.50,91.50,
2435,188.00,141.75,91.25,92.00,
2436,188.00,141.50,91.00,92.25,
2